model_name,rmse,mae
decomposed_10y_plus_spread_model,0.06802548893376108,0.05336576980317108
direct_mortgage_model,0.0729630893841205,0.05710744012108237
no_change_baseline,0.09500228168844976,0.07445086705202311
