week,p05,p10,p25,p50,p75,p90,p95,economic_view
52,5.100417357347952,5.404245197358496,5.895160573419988,6.412059680173334,6.944090638452034,7.502806104768944,7.812092233779463,current_view
52,5.15984925524568,5.474261901938706,6.003417065001926,6.571254944537806,7.135503648780874,7.666484763783145,8.019941280895763,higher_for_longer_view
52,5.056927003260494,5.367375104791511,5.801132357320652,6.292137059444057,6.788420999396713,7.342979074547438,7.643684102793252,soft_landing_view
52,4.737509578970898,5.043969146567698,5.63824979172473,6.245330009749583,6.809907725664514,7.398249689014825,7.722913843503483,recession_view
52,4.9278129291513455,5.275386102866841,5.846519607194681,6.469371098537168,7.097980826088985,7.719087968071896,8.111648284292885,stress_view
